"inputs/imparcial de Texas, San Antonio, TX/marzo 14 1918.pdf/8-39.jpg",F
"inputs/imparcial de Texas, San Antonio, TX/diciembre 26 1918.pdf/11-53.jpg",F
"inputs/imparcial de Texas, San Antonio, TX/abril 15 1920.pdf/11-53.jpg",F
"inputs/imparcial de Texas, San Antonio, TX/febrero 28 1918.pdf/10-47.jpg",F
"inputs/imparcial de Texas, San Antonio, TX/septiembre 5 1918.pdf/3-19.jpg",F
"inputs/imparcial de Texas, San Antonio, TX/marzo 18 1920.pdf/6-31.jpg",F
"inputs/imparcial de Texas, San Antonio, TX/octubre 16 1919.pdf/9-43.jpg",F
"inputs/imparcial de Texas, San Antonio, TX/abril 1 1920.pdf/8-39.jpg",F
"inputs/imparcial de Texas, San Antonio, TX/agosto 15 1918.pdf/8-39.jpg",F
"inputs/imparcial de Texas, San Antonio, TX/marzo 6 1919.pdf/7-35.jpg",F
"inputs/imparcial de Texas, San Antonio, TX/julio 17 1919.pdf/3-19.jpg",F
"inputs/imparcial de Texas, San Antonio, TX/noviembre 13 1919.pdf/7-35.jpg",F
"inputs/imparcial de Texas, San Antonio, TX/enero 24 1918.pdf/2-15.jpg",F
"inputs/imparcial de Texas, San Antonio, TX/febrero 21 1918.pdf/9-43.jpg",F
"inputs/imparcial de Texas, San Antonio, TX/octubre 3 1918.pdf/13-61.jpg",F
"inputs/imparcial de Texas, San Antonio, TX/octubre 10 1918.pdf/14-65.jpg",F
"inputs/imparcial de Texas, San Antonio, TX/julio 31 1919.pdf/6-31.jpg",F
"inputs/imparcial de Texas, San Antonio, TX/febrero 26 1920.pdf/3-19.jpg",F
"inputs/imparcial de Texas, San Antonio, TX/junio 26 1919.pdf/10-47.jpg",F
"inputs/imparcial de Texas, San Antonio, TX/enero 30 1919.pdf/8-39.jpg",F
"inputs/imparcial de Texas, San Antonio, TX/febrero 7 1918.pdf/6-31.jpg",F
"inputs/imparcial de Texas, San Antonio, TX/mayo 8 1919.pdf/14-65.jpg",F
"inputs/imparcial de Texas, San Antonio, TX/marzo 20 1919.pdf/10-47.jpg",F
"inputs/imparcial de Texas, San Antonio, TX/enero 31 1918.pdf/7-35.jpg",F
"inputs/imparcial de Texas, San Antonio, TX/abril 10 1919.pdf/13-61.jpg",F
"inputs/imparcial de Texas, San Antonio, TX/noviembre 25 1920.pdf/11-53.jpg",F
"inputs/imparcial de Texas, San Antonio, TX/enero 22 1920.pdf/2-15.jpg",F
"inputs/imparcial de Texas, San Antonio, TX/mayo 23 1918.pdf/8-39.jpg",F
"inputs/imparcial de Texas, San Antonio, TX/mayo 15 1919.pdf/15-69.jpg",F
"inputs/imparcial de Texas, San Antonio, TX/agosoto 29 1918.pdf/0-7.jpg",F
"inputs/imparcial de Texas, San Antonio, TX/octubre 21 1920.pdf/0-7.jpg",F
"inputs/imparcial de Texas, San Antonio, TX/julio 15 1920.pdf/3-19.jpg",F
"inputs/imparcial de Texas, San Antonio, TX/noviembre 27 1919.pdf/8-39.jpg",F
"inputs/imparcial de Texas, San Antonio, TX/julio 24 1919.pdf/15-69.jpg",F
"inputs/imparcial de Texas, San Antonio, TX/agosto 28 1919.pdf/5-27.jpg",F
"inputs/imparcial de Texas, San Antonio, TX/marzo 13 1919.pdf/14-65.jpg",F
"inputs/imparcial de Texas, San Antonio, TX/abril 11 1918.pdf/0-7.jpg",F
"inputs/imparcial de Texas, San Antonio, TX/octubre 24 1918.pdf/7-35.jpg",F
"inputs/imparcial de Texas, San Antonio, TX/abril 29 1920.pdf/4-23.jpg",F
"inputs/imparcial de Texas, San Antonio, TX/marzo 4 1920.pdf/12-57.jpg",F
"inputs/imparcial de Texas, San Antonio, TX/septiembre 16 1919.pdf/5-27.jpg",F
"inputs/imparcial de Texas, San Antonio, TX/marzo 11 1920.pdf/5-27.jpg",F
"inputs/El Regidor, San Antonio, TX/El Regidor 18 de diciembre, 1913.pdf/0-7.jpg",F
"inputs/El Regidor, San Antonio, TX/El Regidor 21 de julio, 1915.pdf/7-35.jpg",F
"inputs/El Regidor, San Antonio, TX/El Regidor 31 de julio, 1913.pdf/6-31.jpg",F
"inputs/El Regidor, San Antonio, TX/El Regidor 11 de septiembre, 1913.pdf/6-31.jpg",F
"inputs/El Regidor, San Antonio, TX/El Regidor 5 de febrero, 1914.pdf/3-19.jpg",F
"inputs/El Regidor, San Antonio, TX/El Regidor 28 de octubre, 1914.pdf/7-35.jpg",F
"inputs/El Regidor, San Antonio, TX/El Regidor 21 de noviembre, 1912 (1).pdf/6-31.jpg",F
"inputs/El Regidor, San Antonio, TX/febrero 23 1911.pdf/0-7.jpg",F
"inputs/El Regidor, San Antonio, TX/El Regidor 17 de junio, 1914.pdf/6-31.jpg",F
"inputs/El Regidor, San Antonio, TX/El Regidor 8 de enero, 1914.pdf/6-31.jpg",F
"inputs/El Regidor, San Antonio, TX/julio 21 1910.pdf/0-7.jpg",F
"inputs/El Regidor, San Antonio, TX/El Regidor 6 de febrero, 1913.pdf/7-35.jpg",F
"inputs/El Regidor, San Antonio, TX/El Regidor 4 de enero, 1912.pdf/3-19.jpg",F
"inputs/El Regidor, San Antonio, TX/El Regidor 22 de mayo, 1913.pdf/0-7.jpg",F
"inputs/El Regidor, San Antonio, TX/septiembre 15 1910.pdf/7-35.jpg",F
"inputs/El Regidor, San Antonio, TX/El Regidor 18 de septiembre, 1912.pdf/6-31.jpg",F
"inputs/El Regidor, San Antonio, TX/El Regidor 24 de julio, 1913.pdf/3-19.jpg",F
"inputs/El Regidor, San Antonio, TX/El Regidor 6 de marzo, 1913.pdf/0-7.jpg",F
"inputs/El Regidor, San Antonio, TX/El Regidor 12 de mayo, 1915.pdf/7-35.jpg",F
"inputs/El Regidor, San Antonio, TX/marzo 23 1911.pdf/6-31.jpg",F
"inputs/El Regidor, San Antonio, TX/mayo 25 1911 (2).pdf/3-19.jpg",F
"inputs/El Regidor, San Antonio, TX/El Regidor 27 de junio, 1912.pdf/7-35.jpg",F
"inputs/El Regidor, San Antonio, TX/El Regidor 28 de mayo, 1914.pdf/7-35.jpg",F
"inputs/El Regidor, San Antonio, TX/agosto 25 1910.pdf/6-31.jpg",F
"inputs/El Regidor, San Antonio, TX/El Regidor 23 de diciembre, 1914.pdf/8-39.jpg",F
"inputs/El Regidor, San Antonio, TX/El Regidor 4 de junio, 1914.pdf/4-23.jpg",F
"inputs/El Regidor, San Antonio, TX/El Regidor 23 de junio, 1915.pdf/2-15.jpg",F
"inputs/El Regidor, San Antonio, TX/El Regidor 2 de enero, 1913.pdf/2-15.jpg",F
"inputs/El Regidor, San Antonio, TX/El Regidor 7 de octubre, 1914.pdf/0-7.jpg",F
"inputs/El Regidor, San Antonio, TX/El Regidor 10 de febrero, 1915.pdf/7-35.jpg",F
"inputs/El Regidor, San Antonio, TX/El Regidor 14 de octubre, 1914.pdf/0-7.jpg",F
"inputs/El Regidor, San Antonio, TX/El Regidor 16 de agosto, 1912.pdf/3-19.jpg",F
"inputs/El Regidor, San Antonio, TX/El Regidor 5 de diciembre, 1912.pdf/0-7.jpg",F
"inputs/El Regidor, San Antonio, TX/El Regidor 20 de octubre, 1915.pdf/7-35.jpg",F
"inputs/El Regidor, San Antonio, TX/enero 12 1911.pdf/7-35.jpg",F
"inputs/El Regidor, San Antonio, TX/febrero 9 1911.pdf/7-35.jpg",F
"inputs/El Regidor, San Antonio, TX/El Regidor 24 de junio, 1914.pdf/2-15.jpg",F
"inputs/El Regidor, San Antonio, TX/septiembre 8 1910.pdf/5-27.jpg",F
"inputs/El Regidor, San Antonio, TX/El Regidor 16 de octubre, 1913.pdf/5-27.jpg",F
"inputs/El Regidor, San Antonio, TX/El Regidor 29 de julio, 1914.pdf/5-27.jpg",F
"inputs/El Regidor, San Antonio, TX/octubre 27 1910.pdf/2-15.jpg",F
"inputs/El Regidor, San Antonio, TX/El Regidor 10 de julio, 1913.pdf/3-19.jpg",F
