"inputs/imparcial de Texas, San Antonio, TX/diciembre 12 1918.pdf/12-57.jpg",F
"inputs/imparcial de Texas, San Antonio, TX/mayo 30 1918.pdf/6-31.jpg",F
"inputs/imparcial de Texas, San Antonio, TX/marzo 28 1918.pdf/7-35.jpg",F
"inputs/imparcial de Texas, San Antonio, TX/noviembre 28 1918.pdf/2-15.jpg",F
"inputs/imparcial de Texas, San Antonio, TX/mayo 22 1919.pdf/1-11.jpg",F
"inputs/imparcial de Texas, San Antonio, TX/junio 19 1919.pdf/4-23.jpg",F
"inputs/imparcial de Texas, San Antonio, TX/julio 29 1920.pdf/1-11.jpg",F
"inputs/imparcial de Texas, San Antonio, TX/noviembre 20 1919.pdf/11-53.jpg",F
"inputs/imparcial de Texas, San Antonio, TX/septiembre 19 1918.pdf/13-61.jpg",F
"inputs/imparcial de Texas, San Antonio, TX/diciembre 20 1917.pdf/3-19.jpg",F
"inputs/imparcial de Texas, San Antonio, TX/junio 17 1920.pdf/9-43.jpg",F
"inputs/imparcial de Texas, San Antonio, TX/julio 25 1918.pdf/15-69.jpg",F
"inputs/imparcial de Texas, San Antonio, TX/noviembre 7 1918.pdf/3-19.jpg",F
"inputs/imparcial de Texas, San Antonio, TX/abril 22 1920.pdf/10-47.jpg",F
"inputs/imparcial de Texas, San Antonio, TX/febrero 5 1920.pdf/8-39.jpg",F
"inputs/imparcial de Texas, San Antonio, TX/agosto 12 1920.pdf/3-19.jpg",F
"inputs/imparcial de Texas, San Antonio, TX/febrero 27 1919.pdf/7-35.jpg",F
"inputs/imparcial de Texas, San Antonio, TX/febrero 20 1919.pdf/13-61.jpg",F
"inputs/imparcial de Texas, San Antonio, TX/abril 3 1919.pdf/12-57.jpg",F
"inputs/imparcial de Texas, San Antonio, TX/noviembre 18 1920.pdf/2-15.jpg",F
"inputs/imparcial de Texas, San Antonio, TX/junio 10 1920.pdf/11-53.jpg",F
"inputs/imparcial de Texas, San Antonio, TX/junio 27 1918.pdf/0-7.jpg",F
"inputs/imparcial de Texas, San Antonio, TX/septiembre 26 1918.pdf/12-57.jpg",F
"inputs/imparcial de Texas, San Antonio, TX/enero 23 1919.pdf/11-53.jpg",F
"inputs/imparcial de Texas, San Antonio, TX/abril 24 1919.pdf/12-57.jpg",F
"inputs/imparcial de Texas, San Antonio, TX/noviembre 4 1920.pdf/7-35.jpg",F
"inputs/imparcial de Texas, San Antonio, TX/marzo 27 1919.pdf/3-19.jpg",F
"inputs/imparcial de Texas, San Antonio, TX/agosto 8 1918.pdf/9-43.jpg",F
"inputs/imparcial de Texas, San Antonio, TX/junio 20 1918.pdf/11-53.jpg",F
"inputs/imparcial de Texas, San Antonio, TX/febrero 13 1919.pdf/16-74.jpg",F
"inputs/imparcial de Texas, San Antonio, TX/octubre 23 1919.pdf/7-35.jpg",F
"inputs/imparcial de Texas, San Antonio, TX/agosto 21 1919.pdf/0-7.jpg",F
"inputs/imparcial de Texas, San Antonio, TX/enero 17 1918.pdf/5-27.jpg",F
"inputs/imparcial de Texas, San Antonio, TX/junio 12 1919.pdf/11-53.jpg",F
"inputs/imparcial de Texas, San Antonio, TX/agosto 7 1919.pdf/4-23.jpg",F
"inputs/imparcial de Texas, San Antonio, TX/agosto 22 1918.pdf/0-7.jpg",F
"inputs/imparcial de Texas, San Antonio, TX/marzo 7 1918.pdf/5-27.jpg",F
"inputs/imparcial de Texas, San Antonio, TX/noviembre 6 1919.pdf/15-69.jpg",F
"inputs/imparcial de Texas, San Antonio, TX/diciembre 19 1918.pdf/6-31.jpg",F
"inputs/imparcial de Texas, San Antonio, TX/febrero 6 1919.pdf/14-65.jpg",F
"inputs/imparcial de Texas, San Antonio, TX/enero 9 1919.pdf/2-15.jpg",F
"inputs/imparcial de Texas, San Antonio, TX/octubre 17 1918.pdf/4-23.jpg",F
inputs/Pluma Roja_Cal/1915/113_0003.jpg,F
"inputs/El Regidor, San Antonio, TX/El Regidor 16 de enero, 1913.pdf/4-23.jpg",F
"inputs/El Regidor, San Antonio, TX/El Regidor 13 de febrero, 1913.pdf/5-27.jpg",F
"inputs/El Regidor, San Antonio, TX/El Regidor 25 de noviembre, 1914.pdf/2-15.jpg",F
"inputs/El Regidor, San Antonio, TX/diciembre 29 1910.pdf/2-15.jpg",F
"inputs/El Regidor, San Antonio, TX/El Regidor 26 de septiembre, 1914.pdf/4-23.jpg",F
"inputs/El Regidor, San Antonio, TX/El Regidor 19 de marzo, 1914.pdf/5-27.jpg",F
"inputs/El Regidor, San Antonio, TX/El Regidor 26 de marzo, 1914.pdf/2-15.jpg",F
"inputs/El Regidor, San Antonio, TX/septiembre 1 1910.pdf/2-15.jpg",F
"inputs/El Regidor, San Antonio, TX/junio 15 1911.pdf/5-27.jpg",F
"inputs/El Regidor, San Antonio, TX/El Regidor 13 de octubre, 1915.pdf/1-11.jpg",F
"inputs/El Regidor, San Antonio, TX/El Regidor 28 de noviembre, 1912.pdf/4-23.jpg",F
"inputs/El Regidor, San Antonio, TX/El Regidor 14 de agosto, 1913.pdf/4-23.jpg",F
"inputs/El Regidor, San Antonio, TX/octubre 20 1910.pdf/1-11.jpg",F
"inputs/El Regidor, San Antonio, TX/El Regidor 3 de febrero, 1915.pdf/4-23.jpg",F
"inputs/El Regidor, San Antonio, TX/El Regidor 12 de agosto, 1914.pdf/5-27.jpg",F
"inputs/El Regidor, San Antonio, TX/El Regidor 1 de enero, 1914.pdf/2-15.jpg",F
"inputs/El Regidor, San Antonio, TX/El Regidor 6 de noviembre, 1913.pdf/1-11.jpg",F
"inputs/El Regidor, San Antonio, TX/El Regidor 10 de noviembre, 1912.pdf/4-23.jpg",F
"inputs/El Regidor, San Antonio, TX/El Regidor 1 de septiembre, 1915.pdf/5-27.jpg",F
"inputs/El Regidor, San Antonio, TX/abril 13 1911.pdf/2-15.jpg",F
"inputs/El Regidor, San Antonio, TX/El Regidor 5 de septiembre, 1912.pdf/4-23.jpg",F
"inputs/El Regidor, San Antonio, TX/junio 22 1911.pdf/5-27.jpg",F
"inputs/El Regidor, San Antonio, TX/septiembre 29 1910.pdf/5-27.jpg",F
"inputs/El Regidor, San Antonio, TX/El Regidor 25 de agosto, 1915.pdf/6-31.jpg",F
"inputs/El Regidor, San Antonio, TX/El Regidor 10 de junio, 1914.pdf/6-31.jpg",F
"inputs/El Regidor, San Antonio, TX/El Regidor 5 de junio, 1913.pdf/0-7.jpg",F
"inputs/El Regidor, San Antonio, TX/El Regidor 7 de agosto, 1913.pdf/0-7.jpg",F
"inputs/El Regidor, San Antonio, TX/El Regidor 13 de julio, 1912.pdf/8-39.jpg",F
"inputs/El Regidor, San Antonio, TX/El Regidor 9 de agosto, 1912.pdf/4-23.jpg",F
"inputs/El Regidor, San Antonio, TX/El Regidor 11 de noviembre, 1914.pdf/1-11.jpg",F
"inputs/El Regidor, San Antonio, TX/El Regidor 28 de abril, 1915.pdf/1-11.jpg",F
"inputs/El Regidor, San Antonio, TX/El Regidor 6 de enero, 1914.pdf/1-11.jpg",F
"inputs/El Regidor, San Antonio, TX/Junio 30 1910.pdf/4-23.jpg",F
"inputs/El Regidor, San Antonio, TX/El Regidor 11 de abril, 1912.pdf/4-23.jpg",F
"inputs/El Regidor, San Antonio, TX/El Regidor 4 de noviembre, 1914.pdf/4-23.jpg",F
"inputs/El Regidor, San Antonio, TX/El Regidor 4 de diciembre, 1913.pdf/4-23.jpg",F
"inputs/El Regidor, San Antonio, TX/El Regidor 25 de julio, 1912.pdf/3-19.jpg",F
"inputs/El Regidor, San Antonio, TX/El Regidor 3 de marzo, 1915.pdf/3-19.jpg",F
"inputs/El Regidor, San Antonio, TX/El Regidor 23 de octubre, 1913.pdf/0-7.jpg",F
"inputs/El Regidor, San Antonio, TX/El Regidor 6 de junio, 1912.pdf/0-7.jpg",F
"inputs/El Regidor, San Antonio, TX/El Regidor 25 de abril, 1912.pdf/2-15.jpg",F
